Time Stamp,Vessel 1 Name,Vessel 1 Manufacturer,Vessel 1 Type,Vessel 1 Location,Vessel 1 Contract#,Vessel 1 Type of Service,Vessel 1 Design Pressure,Vessel 1 Safety Pressure Setting,Vessel 1 Steam Temperature,Vessel 1 Inspection Prior to Last,Vessel 1 Inspection Last,Vessel 1 Inspection Next,Vessel 1 Hydro date,Time Stamp,Vessel 2 Name,Vessel 2 Manufacturer,Vessel 2 Type,Vessel 2 Location,Vessel 2 Contract#,Vessel 2 Type of Service,Vessel 2 Design Pressure,Vessel 2 Safety Pressure Setting,Vessel 2 Steam Temperature,Vessel 2 Inspection Prior to Last,Vessel 2 Inspection Last,Vessel 2 Inspection Next,Vessel 2 Hydro date,Time Stamp,Vessel 3 Name,Vessel 3 Manufacturer,Vessel 3 Type,Vessel 3 Location,Vessel 3 Contract#,Vessel 3 Type of Service,Vessel 3 Design Pressure,Vessel 3 Safety Pressure Setting,Vessel 3 Steam Temperature,Vessel 3 Inspection Prior to Last,Vessel 3 Inspection Last,Vessel 3 Inspection Next,Vessel 3 Hydro date,Time Stamp,Vessel 4 Name,Vessel 4 Manufacturer,Vessel 4 Type,Vessel 4 Location,Vessel 4 Contract#,Vessel 4 Type of Service,Vessel 4 Design Pressure,Vessel 4 Safety Pressure Setting,Vessel 4 Steam Temperature,Vessel 4 Inspection Prior to Last,Vessel 4 Inspection Last,Vessel 4 Inspection Next,Vessel 4 Hydro date,,
2024-01-07 16:56:32.121,1,5,,,,null,,,,null,null,null,null,2,6,,,,null,,,,null,null,null,null,3,7,,,,null,,,,null,null,null,null,4,8,,,,null,,,,null,null,null,null,
2024-01-07 16:58:40.187,1,5,9,13,17,Propulsion,25,29,33,2024-01-01,2024-01-01,2024-01-01,2024-01-01,2,6,10,14,18,Auxiliary,26,30,34,2024-01-02,2024-01-02,2024-01-02,2024-01-02,3,7,11,15,19,Combination,27,31,35,2024-01-03,2024-01-03,2024-01-03,2024-01-03,4,8,12,16,20,Propulsion,28,32,36,2024-01-04,2024-01-04,2024-01-04,2024-01-11,
2024-01-07 16:58:59.398,1,5,9,13,17,Propulsion,25,29,33,2024-01-01,2024-01-01,2024-01-01,2024-01-01,2,6,10,14,18,Auxiliary,26,30,34,2024-01-02,2024-01-02,2024-01-02,2024-01-02,3,7,11,15,19,Combination,27,31,35,2024-01-03,2024-01-03,2024-01-03,2024-01-03,4,8,12,16,20,Propulsion,28,32,36,2024-01-04,2024-01-04,2024-01-04,2024-01-04,
2024-01-07 16:59:39.903,1,5,9,13,17,Propulsion,25,29,33,2014-01-01,2024-01-01,2024-01-01,2024-01-01,2,6,10,14,18,Auxiliary,26,30,34,2024-01-02,2024-01-02,2024-01-02,2024-01-02,3,7,11,15,19,Combination,27,31,35,2034-01-03,2024-01-03,2024-01-03,2024-01-03,4,8,12,16,20,Propulsion,28,32,36,2034-01-04,2024-01-04,2024-01-04,2024-01-04,
2024-01-08 05:40:53.585,1,5,9,13,17,Propulsion,25,29,33,2014-01-01,2024-01-01,2024-01-01,2024-01-01,2,6,10,14,18,Auxiliary,26,30,34,2024-01-02,2024-01-02,2024-01-02,2024-01-02,3,7,11,15,19,Combination,27,31,35,2034-01-03,2024-01-03,2024-01-03,2024-01-03,4,8,12,16,20,Propulsion,28,32,36,2044-01-04,2024-01-04,2024-01-04,2024-01-04,
2024-01-11 07:27:51.294,,,,,,Propulsion,,,,null,null,null,null,,,,,,Auxiliary,,,,null,null,null,null,,,,,,Combination,,,,null,null,null,null,,,,,,Propulsion,,,,null,null,null,null,
2024-01-11 07:30:08.859,,,,,,,,,,null,null,null,null,,,,,,,,,,null,null,null,null,,,,,,,,,,null,null,null,null,,,,,,,,,,null,null,null,null,
2024-01-12 06:59:12.719,,,Fluid Thermal Heater,,,Combination,,,,null,null,null,null,,,,,,,,,,null,null,null,null,,,,,,,,,,null,null,null,null,,,,,,,,,,null,null,null,null,
2024-01-12 06:59:26.448,,,,,,,,,,null,null,null,null,,,,,,,,,,null,null,null,null,,,,,,,,,,null,null,null,null,,,,,,,,,,null,null,null,null,
